<?xml version = "1.0" encoding = "UTF-8"?>

<beans xmlns="http://www.springframework.org/schema/beans"
	xmlns:xsi="http://www.w3.org/2001/XMLSchema-instance"
	xsi:schemaLocation="http://www.springframework.org/schema/beans
   http://www.springframework.org/schema/beans/spring-beans-3.0.xsd">

<!-- 	<bean id="helloObj" class="com.yash.spring.Hello"
		scope="prototype">
		<property name="A" ref="aObj"></property>
		<property name="B" ref="bObj"></property>
	</bean> -->
	 <!--   <bean id = "helloObj" class = "com.yash.spring.Hello" scope ="singleton">
      <constructor-arg ref = "aObj"/>
       <constructor-arg ref = "bObj"/> -->
   <!-- </bean>
	
	<bean id="aObj" class="com.yash.spring.A" scope="prototype"></bean>
	<bean id="bObj" class="com.yash.spring.B" scope="prototype"></bean> -->
	
	<bean id="aobj" class="com.yash.spring.A">
	<property name="a" value="99"></property>
	<property name="msg" value="Hello people"></property>
	</bean>
	<bean id="bobj" class="com.yash.spring.B">
	 <constructor-arg value = "88"/>
       <constructor-arg value = "Hi people"/>
	</bean>
	<bean id="hello" class="com.yash.spring.Hello" autowire="byType">
	<property name="aobj" ref="aobj"/>
	<constructor-arg ref="bobj"></constructor-arg>
	
	</bean>

</beans>